trial,testing,parameters,initial_deadline,final_deadline,net_reward,actions,success
1,False,"{'a': 0.9900498337491681, 'e': 0.9900498337491681}",30,0,-123.37177956057525,"{0: 16, 1: 3, 2: 9, 3: 2, 4: 0}",0
2,False,"{'a': 0.9801986733067553, 'e': 0.9801986733067553}",25,0,-98.79694934671238,"{0: 15, 1: 4, 2: 3, 3: 3, 4: 0}",0
3,False,"{'a': 0.9704455335485082, 'e': 0.9704455335485082}",30,0,-251.98874228288898,"{0: 17, 1: 2, 2: 6, 3: 0, 4: 5}",0
4,False,"{'a': 0.9607894391523232, 'e': 0.9607894391523232}",25,0,-177.24094325644313,"{0: 12, 1: 2, 2: 8, 3: 1, 4: 2}",0
5,False,"{'a': 0.951229424500714, 'e': 0.951229424500714}",25,0,-64.42743136137393,"{0: 15, 1: 4, 2: 6, 3: 0, 4: 0}",0
6,False,"{'a': 0.9417645335842487, 'e': 0.9417645335842487}",20,0,-166.47918934550339,"{0: 11, 1: 0, 2: 6, 3: 0, 4: 3}",0
7,False,"{'a': 0.9323938199059483, 'e': 0.9323938199059483}",30,0,-27.911993158871496,"{0: 24, 1: 1, 2: 5, 3: 0, 4: 0}",0
8,False,"{'a': 0.9231163463866358, 'e': 0.9231163463866358}",30,0,-141.4954184141569,"{0: 16, 1: 5, 2: 7, 3: 1, 4: 1}",0
9,False,"{'a': 0.9139311852712282, 'e': 0.9139311852712282}",20,0,-44.59530489944428,"{0: 12, 1: 5, 2: 3, 3: 0, 4: 0}",0
10,False,"{'a': 0.9048374180359595, 'e': 0.9048374180359595}",20,0,-42.62069328969986,"{0: 14, 1: 2, 2: 3, 3: 1, 4: 0}",0
11,False,"{'a': 0.8958341352965282, 'e': 0.8958341352965282}",25,0,-92.79503789853098,"{0: 17, 1: 2, 2: 4, 3: 1, 4: 1}",0
12,False,"{'a': 0.8869204367171575, 'e': 0.8869204367171575}",25,0,-82.90684579773554,"{0: 14, 1: 4, 2: 6, 3: 1, 4: 0}",0
13,False,"{'a': 0.8780954309205613, 'e': 0.8780954309205613}",20,0,-107.23245707861405,"{0: 10, 1: 2, 2: 7, 3: 0, 4: 1}",0
14,False,"{'a': 0.8693582353988059, 'e': 0.8693582353988059}",30,0,-141.13026224429757,"{0: 21, 1: 2, 2: 2, 3: 3, 4: 2}",0
15,False,"{'a': 0.8607079764250578, 'e': 0.8607079764250578}",20,11,3.330909769238139,"{0: 8, 1: 0, 2: 1, 3: 0, 4: 0}",1
16,False,"{'a': 0.8521437889662113, 'e': 0.8521437889662113}",20,0,-55.40918220692299,"{0: 13, 1: 1, 2: 5, 3: 1, 4: 0}",0
17,False,"{'a': 0.8436648165963837, 'e': 0.8436648165963837}",30,0,-77.11677883063766,"{0: 23, 1: 2, 2: 3, 3: 1, 4: 1}",0
18,False,"{'a': 0.835270211411272, 'e': 0.835270211411272}",20,0,-178.30910843011787,"{0: 11, 1: 2, 2: 2, 3: 2, 4: 3}",0
19,False,"{'a': 0.8269591339433623, 'e': 0.8269591339433623}",20,0,-126.98904071414543,"{0: 14, 1: 1, 2: 2, 3: 0, 4: 3}",0
20,False,"{'a': 0.8187307530779818, 'e': 0.8187307530779818}",35,0,-158.6874447911711,"{0: 25, 1: 0, 2: 7, 3: 0, 4: 3}",0
21,False,"{'a': 0.8105842459701871, 'e': 0.8105842459701871}",20,0,-61.681886152021164,"{0: 12, 1: 4, 2: 2, 3: 2, 4: 0}",0
22,False,"{'a': 0.8025187979624785, 'e': 0.8025187979624785}",20,0,-131.86732305515596,"{0: 10, 1: 2, 2: 5, 3: 2, 4: 1}",0
23,False,"{'a': 0.794533602503334, 'e': 0.794533602503334}",25,0,-149.22474137287003,"{0: 15, 1: 3, 2: 3, 3: 2, 4: 2}",0
24,False,"{'a': 0.7866278610665535, 'e': 0.7866278610665535}",35,0,-24.97243711027519,"{0: 28, 1: 3, 2: 3, 3: 1, 4: 0}",0
25,False,"{'a': 0.7788007830714049, 'e': 0.7788007830714049}",25,0,-155.89390537549846,"{0: 17, 1: 1, 2: 3, 3: 1, 4: 3}",0
26,False,"{'a': 0.7710515858035663, 'e': 0.7710515858035663}",25,18,0.3658970300831599,"{0: 6, 1: 0, 2: 1, 3: 0, 4: 0}",1
27,False,"{'a': 0.7633794943368531, 'e': 0.7633794943368531}",25,0,-36.355341655148074,"{0: 18, 1: 2, 2: 5, 3: 0, 4: 0}",0
28,False,"{'a': 0.7557837414557255, 'e': 0.7557837414557255}",20,4,-13.481618326031205,"{0: 12, 1: 2, 2: 2, 3: 0, 4: 0}",1
29,False,"{'a': 0.7482635675785653, 'e': 0.7482635675785653}",20,0,-132.82864996387283,"{0: 12, 1: 1, 2: 4, 3: 1, 4: 2}",0
30,False,"{'a': 0.7408182206817179, 'e': 0.7408182206817179}",20,3,-79.32732895795236,"{0: 11, 1: 0, 2: 4, 3: 1, 4: 1}",1
31,False,"{'a': 0.7334469562242892, 'e': 0.7334469562242892}",30,19,-8.093247524970334,"{0: 9, 1: 0, 2: 2, 3: 0, 4: 0}",1
32,False,"{'a': 0.7261490370736909, 'e': 0.7261490370736909}",20,7,-40.2949974707648,"{0: 8, 1: 2, 2: 2, 3: 1, 4: 0}",1
33,False,"{'a': 0.7189237334319262, 'e': 0.7189237334319262}",25,0,-30.092076817204386,"{0: 20, 1: 1, 2: 3, 3: 1, 4: 0}",0
34,False,"{'a': 0.7117703227626097, 'e': 0.7117703227626097}",20,0,-63.865127047080485,"{0: 14, 1: 1, 2: 4, 3: 0, 4: 1}",0
35,False,"{'a': 0.7046880897187134, 'e': 0.7046880897187134}",30,0,-75.14977883649617,"{0: 24, 1: 2, 2: 2, 3: 0, 4: 2}",0
36,False,"{'a': 0.697676326071031, 'e': 0.697676326071031}",25,0,-179.9343973198048,"{0: 10, 1: 3, 2: 10, 3: 0, 4: 2}",0
37,False,"{'a': 0.6907343306373547, 'e': 0.6907343306373547}",25,0,4.3578153571098515,"{0: 22, 1: 1, 2: 2, 3: 0, 4: 0}",0
38,False,"{'a': 0.6838614092123558, 'e': 0.6838614092123558}",20,0,-90.75404347254032,"{0: 15, 1: 0, 2: 1, 3: 3, 4: 1}",0
39,False,"{'a': 0.6770568744981647, 'e': 0.6770568744981647}",20,0,12.222227265401477,"{0: 18, 1: 1, 2: 1, 3: 0, 4: 0}",0
40,False,"{'a': 0.6703200460356393, 'e': 0.6703200460356393}",20,0,-144.32177591768536,"{0: 12, 1: 1, 2: 4, 3: 0, 4: 3}",0
41,False,"{'a': 0.6636502501363194, 'e': 0.6636502501363194}",25,0,-49.09380363551251,"{0: 20, 1: 1, 2: 3, 3: 0, 4: 1}",0
42,False,"{'a': 0.6570468198150567, 'e': 0.6570468198150567}",25,19,4.658764674430451,"{0: 5, 1: 1, 2: 0, 3: 0, 4: 0}",1
43,False,"{'a': 0.6505090947233165, 'e': 0.6505090947233165}",20,9,-20.924684828232078,"{0: 8, 1: 1, 2: 1, 3: 1, 4: 0}",1
44,False,"{'a': 0.6440364210831414, 'e': 0.6440364210831414}",30,13,-62.513775950227725,"{0: 12, 1: 1, 2: 2, 3: 1, 4: 1}",1
45,False,"{'a': 0.6376281516217733, 'e': 0.6376281516217733}",20,3,-39.91924772569258,"{0: 15, 1: 0, 2: 0, 3: 1, 4: 1}",1
46,False,"{'a': 0.631283645506926, 'e': 0.631283645506926}",20,1,-50.93001087876737,"{0: 14, 1: 2, 2: 2, 3: 0, 4: 1}",1
47,False,"{'a': 0.6250022682827008, 'e': 0.6250022682827008}",20,0,-98.12864531089697,"{0: 14, 1: 1, 2: 3, 3: 0, 4: 2}",0
48,False,"{'a': 0.6187833918061408, 'e': 0.6187833918061408}",25,0,-178.68922812215735,"{0: 16, 1: 2, 2: 3, 3: 0, 4: 4}",0
49,False,"{'a': 0.6126263941844161, 'e': 0.6126263941844161}",20,0,-4.917796110404598,"{0: 16, 1: 2, 2: 2, 3: 0, 4: 0}",0
50,False,"{'a': 0.6065306597126334, 'e': 0.6065306597126334}",25,0,-40.27466709015728,"{0: 20, 1: 2, 2: 2, 3: 0, 4: 1}",0
51,False,"{'a': 0.6004955788122659, 'e': 0.6004955788122659}",30,20,17.258249997765894,"{0: 10, 1: 0, 2: 0, 3: 0, 4: 0}",1
52,False,"{'a': 0.5945205479701944, 'e': 0.5945205479701944}",35,0,-76.53990440163331,"{0: 24, 1: 3, 2: 7, 3: 1, 4: 0}",0
53,False,"{'a': 0.5886049696783552, 'e': 0.5886049696783552}",30,0,-98.94944061498579,"{0: 22, 1: 0, 2: 6, 3: 1, 4: 1}",0
54,False,"{'a': 0.5827482523739896, 'e': 0.5827482523739896}",20,0,10.168518158910006,"{0: 18, 1: 1, 2: 1, 3: 0, 4: 0}",0
55,False,"{'a': 0.5769498103804866, 'e': 0.5769498103804866}",20,14,9.864741211972094,"{0: 6, 1: 0, 2: 0, 3: 0, 4: 0}",1
56,False,"{'a': 0.5712090638488149, 'e': 0.5712090638488149}",25,0,-76.90552864815696,"{0: 16, 1: 5, 2: 3, 3: 0, 4: 1}",0
57,False,"{'a': 0.5655254386995371, 'e': 0.5655254386995371}",20,0,-61.573420838947364,"{0: 14, 1: 1, 2: 4, 3: 0, 4: 1}",0
58,False,"{'a': 0.559898366565402, 'e': 0.559898366565402}",25,0,-23.580960472106117,"{0: 20, 1: 2, 2: 2, 3: 1, 4: 0}",0
59,False,"{'a': 0.5543272847345071, 'e': 0.5543272847345071}",35,4,-105.65788508152995,"{0: 23, 1: 1, 2: 4, 3: 1, 4: 2}",1
60,False,"{'a': 0.5488116360940265, 'e': 0.5488116360940265}",25,9,-9.922870064688798,"{0: 12, 1: 3, 2: 1, 3: 0, 4: 0}",1
61,False,"{'a': 0.5433508690744998, 'e': 0.5433508690744998}",20,12,13.737312248850248,"{0: 8, 1: 0, 2: 0, 3: 0, 4: 0}",1
62,False,"{'a': 0.5379444375946745, 'e': 0.5379444375946745}",25,0,-60.968047637119994,"{0: 21, 1: 0, 2: 1, 3: 2, 4: 1}",0
63,False,"{'a': 0.5325918010068972, 'e': 0.5325918010068972}",20,11,6.0689381348129885,"{0: 8, 1: 0, 2: 1, 3: 0, 4: 0}",1
64,False,"{'a': 0.5272924240430485, 'e': 0.5272924240430485}",35,13,-23.65644947485713,"{0: 16, 1: 1, 2: 5, 3: 0, 4: 0}",1
65,False,"{'a': 0.522045776761016, 'e': 0.522045776761016}",20,9,-78.39255700185088,"{0: 5, 1: 1, 2: 4, 3: 0, 4: 1}",1
66,False,"{'a': 0.5168513344916992, 'e': 0.5168513344916992}",30,0,-83.04764047209827,"{0: 24, 1: 1, 2: 3, 3: 0, 4: 2}",0
67,False,"{'a': 0.5117085777865424, 'e': 0.5117085777865424}",20,0,8.220013384707181,"{0: 18, 1: 1, 2: 1, 3: 0, 4: 0}",0
68,False,"{'a': 0.5066169923655895, 'e': 0.5066169923655895}",30,20,12.345409218525813,"{0: 9, 1: 1, 2: 0, 3: 0, 4: 0}",1
69,False,"{'a': 0.5015760690660555, 'e': 0.5015760690660555}",20,6,-27.019441385224706,"{0: 11, 1: 1, 2: 0, 3: 2, 4: 0}",1
70,False,"{'a': 0.49658530379140947, 'e': 0.49658530379140947}",25,0,-101.91103333254668,"{0: 21, 1: 0, 2: 1, 3: 0, 4: 3}",0
71,False,"{'a': 0.4916441974609651, 'e': 0.4916441974609651}",20,1,-44.72198186201923,"{0: 15, 1: 0, 2: 3, 3: 0, 4: 1}",1
72,False,"{'a': 0.4867522559599717, 'e': 0.4867522559599717}",30,16,-39.5263955788802,"{0: 11, 1: 0, 2: 2, 3: 0, 4: 1}",1
73,False,"{'a': 0.48190899009020244, 'e': 0.48190899009020244}",25,4,-52.41387333244605,"{0: 16, 1: 0, 2: 4, 3: 0, 4: 1}",1
74,False,"{'a': 0.4771139155210344, 'e': 0.4771139155210344}",30,11,-40.03906026967891,"{0: 15, 1: 1, 2: 2, 3: 0, 4: 1}",1
75,False,"{'a': 0.4723665527410147, 'e': 0.4723665527410147}",25,0,-88.84111337722779,"{0: 19, 1: 1, 2: 1, 3: 3, 4: 1}",0
76,False,"{'a': 0.46766642700990924, 'e': 0.46766642700990924}",20,0,-2.2546024241901286,"{0: 17, 1: 1, 2: 2, 3: 0, 4: 0}",0
77,False,"{'a': 0.46301306831122807, 'e': 0.46301306831122807}",30,13,7.515914491806899,"{0: 15, 1: 0, 2: 2, 3: 0, 4: 0}",1
78,False,"{'a': 0.4584060113052235, 'e': 0.4584060113052235}",20,0,-93.49194262678213,"{0: 15, 1: 1, 2: 1, 3: 1, 4: 2}",0
79,False,"{'a': 0.45384479528235583, 'e': 0.45384479528235583}",20,0,-57.54001397417926,"{0: 15, 1: 1, 2: 3, 3: 0, 4: 1}",0
80,False,"{'a': 0.44932896411722156, 'e': 0.44932896411722156}",20,0,-75.7362006869392,"{0: 12, 1: 0, 2: 7, 3: 1, 4: 0}",0
81,False,"{'a': 0.4448580662229411, 'e': 0.4448580662229411}",30,17,-11.450734118722597,"{0: 10, 1: 1, 2: 2, 3: 0, 4: 0}",1
82,False,"{'a': 0.44043165450599925, 'e': 0.44043165450599925}",30,19,-5.271657369555851,"{0: 9, 1: 0, 2: 2, 3: 0, 4: 0}",1
83,False,"{'a': 0.43604928632153556, 'e': 0.43604928632153556}",25,0,-69.11615676745184,"{0: 21, 1: 1, 2: 1, 3: 0, 4: 2}",0
84,False,"{'a': 0.43171052342907973, 'e': 0.43171052342907973}",25,0,-31.374670217602443,"{0: 21, 1: 0, 2: 2, 3: 2, 4: 0}",0
85,False,"{'a': 0.4274149319487267, 'e': 0.4274149319487267}",25,20,6.609492472008261,"{0: 5, 1: 0, 2: 0, 3: 0, 4: 0}",1
86,False,"{'a': 0.4231620823177488, 'e': 0.4231620823177488}",30,4,-92.13825717784809,"{0: 18, 1: 3, 2: 3, 3: 0, 4: 2}",1
87,False,"{'a': 0.418951549247639, 'e': 0.418951549247639}",35,0,-8.052485734152292,"{0: 30, 1: 0, 2: 5, 3: 0, 4: 0}",0
88,False,"{'a': 0.4147829116815814, 'e': 0.4147829116815814}",30,19,4.22943166461304,"{0: 10, 1: 0, 2: 1, 3: 0, 4: 0}",1
89,False,"{'a': 0.4106557527523455, 'e': 0.4106557527523455}",25,7,-0.58672882045393,"{0: 16, 1: 0, 2: 1, 3: 1, 4: 0}",1
90,False,"{'a': 0.4065696597405991, 'e': 0.4065696597405991}",20,8,-47.955152974571305,"{0: 7, 1: 0, 2: 4, 3: 1, 4: 0}",1
91,False,"{'a': 0.40252422403363597, 'e': 0.40252422403363597}",25,0,-3.5986458780657857,"{0: 22, 1: 0, 2: 3, 3: 0, 4: 0}",0
92,False,"{'a': 0.39851904108451414, 'e': 0.39851904108451414}",25,8,-32.04446187022625,"{0: 14, 1: 1, 2: 1, 3: 0, 4: 1}",1
93,False,"{'a': 0.3945537103716011, 'e': 0.3945537103716011}",25,8,-13.786411049531734,"{0: 16, 1: 0, 2: 0, 3: 0, 4: 1}",1
94,False,"{'a': 0.3906278353585211, 'e': 0.3906278353585211}",20,10,10.219181897741239,"{0: 9, 1: 0, 2: 1, 3: 0, 4: 0}",1
95,False,"{'a': 0.3867410234545012, 'e': 0.3867410234545012}",25,7,-2.8240900719818813,"{0: 16, 1: 0, 2: 1, 3: 1, 4: 0}",1
96,False,"{'a': 0.38289288597511206, 'e': 0.38289288597511206}",30,13,-64.52306111791081,"{0: 14, 1: 0, 2: 1, 3: 0, 4: 2}",1
97,False,"{'a': 0.37908303810339883, 'e': 0.37908303810339883}",20,0,-20.881423176531296,"{0: 17, 1: 2, 2: 0, 3: 0, 4: 1}",0
98,False,"{'a': 0.37531109885139957, 'e': 0.37531109885139957}",20,0,-68.89301242927014,"{0: 14, 1: 1, 2: 4, 3: 0, 4: 1}",0
99,False,"{'a': 0.3715766910220457, 'e': 0.3715766910220457}",20,0,-26.63740401063681,"{0: 15, 1: 2, 2: 2, 3: 1, 4: 0}",0
100,False,"{'a': 0.36787944117144233, 'e': 0.36787944117144233}",30,2,-63.08618590507922,"{0: 22, 1: 1, 2: 3, 3: 1, 4: 1}",1
101,False,"{'a': 0.3642189795715233, 'e': 0.3642189795715233}",30,15,2.561525071998876,"{0: 13, 1: 0, 2: 2, 3: 0, 4: 0}",1
102,False,"{'a': 0.3605949401730783, 'e': 0.3605949401730783}",20,7,10.589245649761626,"{0: 12, 1: 0, 2: 1, 3: 0, 4: 0}",1
103,False,"{'a': 0.3570069605691474, 'e': 0.3570069605691474}",20,0,8.533802138567912,"{0: 18, 1: 1, 2: 1, 3: 0, 4: 0}",0
104,False,"{'a': 0.35345468195878016, 'e': 0.35345468195878016}",20,15,1.757763311830546,"{0: 4, 1: 1, 2: 0, 3: 0, 4: 0}",1
105,False,"{'a': 0.3499377491111553, 'e': 0.3499377491111553}",25,4,-3.3238395649665033,"{0: 20, 1: 0, 2: 0, 3: 0, 4: 1}",1
106,False,"{'a': 0.3464558103300574, 'e': 0.3464558103300574}",20,12,-4.119601909680639,"{0: 6, 1: 1, 2: 1, 3: 0, 4: 0}",1
107,False,"{'a': 0.34300851741870664, 'e': 0.34300851741870664}",20,6,1.554921073762912,"{0: 12, 1: 0, 2: 2, 3: 0, 4: 0}",1
108,False,"{'a': 0.3395955256449391, 'e': 0.3395955256449391}",20,8,-36.660089953511196,"{0: 9, 1: 1, 2: 1, 3: 0, 4: 1}",1
109,False,"{'a': 0.33621649370673334, 'e': 0.33621649370673334}",20,7,-29.608803793816886,"{0: 11, 1: 0, 2: 1, 3: 0, 4: 1}",1
110,False,"{'a': 0.33287108369807955, 'e': 0.33287108369807955}",30,15,-1.155691010309393,"{0: 13, 1: 1, 2: 0, 3: 1, 4: 0}",1
111,False,"{'a': 0.32955896107518906, 'e': 0.32955896107518906}",25,13,-12.8584517594937,"{0: 10, 1: 0, 2: 1, 3: 1, 4: 0}",1
112,False,"{'a': 0.32627979462303947, 'e': 0.32627979462303947}",30,0,8.450469903510339,"{0: 27, 1: 0, 2: 3, 3: 0, 4: 0}",0
113,False,"{'a': 0.3230332564222529, 'e': 0.3230332564222529}",25,0,-54.5144158462914,"{0: 22, 1: 0, 2: 1, 3: 0, 4: 2}",0
114,False,"{'a': 0.31981902181630384, 'e': 0.31981902181630384}",20,10,-25.61938404464824,"{0: 9, 1: 0, 2: 0, 3: 0, 4: 1}",1
115,False,"{'a': 0.31663676937905316, 'e': 0.31663676937905316}",30,17,-11.659373318395405,"{0: 11, 1: 0, 2: 1, 3: 1, 4: 0}",1
116,False,"{'a': 0.3134861808826053, 'e': 0.3134861808826053}",30,4,-13.449519176858919,"{0: 24, 1: 1, 2: 0, 3: 0, 4: 1}",1
117,False,"{'a': 0.31036694126548503, 'e': 0.31036694126548503}",35,18,24.902988227392058,"{0: 16, 1: 1, 2: 0, 3: 0, 4: 0}",1
118,False,"{'a': 0.30727873860113125, 'e': 0.30727873860113125}",30,14,11.878404001033008,"{0: 14, 1: 1, 2: 1, 3: 0, 4: 0}",1
119,False,"{'a': 0.3042212640667041, 'e': 0.3042212640667041}",20,0,27.069558880134785,"{0: 20, 1: 0, 2: 0, 3: 0, 4: 0}",0
120,False,"{'a': 0.30119421191220214, 'e': 0.30119421191220214}",20,7,19.848597392139563,"{0: 13, 1: 0, 2: 0, 3: 0, 4: 0}",1
121,False,"{'a': 0.2981972794298874, 'e': 0.2981972794298874}",25,7,-78.96241246151376,"{0: 13, 1: 2, 2: 1, 3: 0, 4: 2}",1
122,False,"{'a': 0.2952301669240142, 'e': 0.2952301669240142}",30,16,-14.387833176114325,"{0: 13, 1: 0, 2: 0, 3: 0, 4: 1}",1
123,False,"{'a': 0.2922925776808594, 'e': 0.2922925776808594}",20,6,10.832623623416998,"{0: 13, 1: 0, 2: 1, 3: 0, 4: 0}",1
124,False,"{'a': 0.2893842179390506, 'e': 0.2893842179390506}",20,0,15.762572400417941,"{0: 19, 1: 0, 2: 0, 3: 1, 4: 0}",1
125,False,"{'a': 0.2865047968601901, 'e': 0.2865047968601901}",20,13,12.658711434773416,"{0: 7, 1: 0, 2: 0, 3: 0, 4: 0}",1
126,False,"{'a': 0.2836540264997704, 'e': 0.2836540264997704}",20,15,9.577023915832152,"{0: 5, 1: 0, 2: 0, 3: 0, 4: 0}",1
127,False,"{'a': 0.2808316217783798, 'e': 0.2808316217783798}",25,0,-30.029165805853932,"{0: 22, 1: 0, 2: 2, 3: 0, 4: 1}",0
128,False,"{'a': 0.27803730045319414, 'e': 0.27803730045319414}",25,0,-5.796353323895028,"{0: 22, 1: 0, 2: 2, 3: 1, 4: 0}",0
129,False,"{'a': 0.27527078308975234, 'e': 0.27527078308975234}",20,2,-35.477261718462465,"{0: 14, 1: 2, 2: 1, 3: 0, 4: 1}",1
130,False,"{'a': 0.2725317930340126, 'e': 0.2725317930340126}",25,14,-0.428754328077503,"{0: 9, 1: 1, 2: 1, 3: 0, 4: 0}",1
131,False,"{'a': 0.2698200563846868, 'e': 0.2698200563846868}",30,16,-31.53483378740819,"{0: 12, 1: 0, 2: 1, 3: 0, 4: 1}",1
132,False,"{'a': 0.26713530196585034, 'e': 0.26713530196585034}",20,8,-15.642064493772946,"{0: 9, 1: 0, 2: 3, 3: 0, 4: 0}",1
133,False,"{'a': 0.26447726129982396, 'e': 0.26447726129982396}",25,13,-1.0279775742473376,"{0: 11, 1: 0, 2: 0, 3: 1, 4: 0}",1
134,False,"{'a': 0.261845668580326, 'e': 0.261845668580326}",35,13,12.563695839934686,"{0: 20, 1: 0, 2: 2, 3: 0, 4: 0}",1
135,False,"{'a': 0.2592402606458915, 'e': 0.2592402606458915}",20,0,-1.4932639280052573,"{0: 18, 1: 0, 2: 1, 3: 1, 4: 0}",0
136,False,"{'a': 0.2566607769535559, 'e': 0.2566607769535559}",20,8,12.226725600365471,"{0: 11, 1: 0, 2: 1, 3: 0, 4: 0}",1
137,False,"{'a': 0.25410695955280027, 'e': 0.25410695955280027}",20,12,15.926524279842594,"{0: 8, 1: 0, 2: 0, 3: 0, 4: 0}",1
138,False,"{'a': 0.25157855305975646, 'e': 0.25157855305975646}",20,5,-15.64081006388309,"{0: 14, 1: 0, 2: 0, 3: 0, 4: 1}",1
139,False,"{'a': 0.24907530463166816, 'e': 0.24907530463166816}",25,3,-1.3395521488372935,"{0: 19, 1: 0, 2: 3, 3: 0, 4: 0}",1
140,False,"{'a': 0.24659696394160643, 'e': 0.24659696394160643}",25,11,-13.709263160978892,"{0: 13, 1: 0, 2: 0, 3: 0, 4: 1}",1
141,False,"{'a': 0.2441432831534371, 'e': 0.2441432831534371}",30,0,-11.685924473136838,"{0: 27, 1: 0, 2: 2, 3: 0, 4: 1}",0
142,False,"{'a': 0.24171401689703645, 'e': 0.24171401689703645}",20,14,-0.17862618143617803,"{0: 5, 1: 0, 2: 1, 3: 0, 4: 0}",1
143,False,"{'a': 0.23930892224375455, 'e': 0.23930892224375455}",25,0,-17.468822124570586,"{0: 23, 1: 0, 2: 1, 3: 0, 4: 1}",0
144,False,"{'a': 0.23692775868212176, 'e': 0.23692775868212176}",25,18,-11.200665366476395,"{0: 5, 1: 0, 2: 2, 3: 0, 4: 0}",1
145,False,"{'a': 0.23457028809379765, 'e': 0.23457028809379765}",30,16,25.6705392980793,"{0: 14, 1: 0, 2: 0, 3: 0, 4: 0}",1
146,False,"{'a': 0.23223627472975883, 'e': 0.23223627472975883}",25,15,2.9253596890309144,"{0: 9, 1: 0, 2: 1, 3: 0, 4: 0}",1
147,False,"{'a': 0.22992548518672384, 'e': 0.22992548518672384}",25,9,30.36921879470804,"{0: 16, 1: 0, 2: 0, 3: 0, 4: 0}",1
148,False,"{'a': 0.22763768838381274, 'e': 0.22763768838381274}",20,12,2.517493253522578,"{0: 7, 1: 0, 2: 1, 3: 0, 4: 0}",1
149,False,"{'a': 0.22537265553943872, 'e': 0.22537265553943872}",30,7,27.261180711299357,"{0: 22, 1: 0, 2: 1, 3: 0, 4: 0}",1
150,False,"{'a': 0.22313016014842982, 'e': 0.22313016014842982}",20,13,12.355949613472383,"{0: 7, 1: 0, 2: 0, 3: 0, 4: 0}",1
151,False,"{'a': 0.2209099779593782, 'e': 0.2209099779593782}",25,8,23.350301137994887,"{0: 17, 1: 0, 2: 0, 3: 0, 4: 0}",1
152,False,"{'a': 0.21871188695221475, 'e': 0.21871188695221475}",25,11,-50.966482152147805,"{0: 11, 1: 0, 2: 1, 3: 1, 4: 1}",1
153,False,"{'a': 0.21653566731600707, 'e': 0.21653566731600707}",25,0,41.3040423690517,"{0: 25, 1: 0, 2: 0, 3: 0, 4: 0}",0
154,False,"{'a': 0.21438110142697794, 'e': 0.21438110142697794}",20,16,5.866371839877134,"{0: 4, 1: 0, 2: 0, 3: 0, 4: 0}",1
155,False,"{'a': 0.21224797382674304, 'e': 0.21224797382674304}",30,17,11.239066365633857,"{0: 12, 1: 0, 2: 1, 3: 0, 4: 0}",1
156,False,"{'a': 0.21013607120076472, 'e': 0.21013607120076472}",20,0,8.92962366484536,"{0: 18, 1: 0, 2: 2, 3: 0, 4: 0}",0
157,False,"{'a': 0.20804518235702046, 'e': 0.20804518235702046}",35,0,15.878621863896143,"{0: 32, 1: 0, 2: 3, 3: 0, 4: 0}",0
158,False,"{'a': 0.20597509820488344, 'e': 0.20597509820488344}",20,0,29.42929595550027,"{0: 20, 1: 0, 2: 0, 3: 0, 4: 0}",0
159,False,"{'a': 0.20392561173421342, 'e': 0.20392561173421342}",25,0,14.148904105089889,"{0: 23, 1: 1, 2: 1, 3: 0, 4: 0}",0
160,False,"{'a': 0.20189651799465538, 'e': 0.20189651799465538}",30,22,15.995055063709932,"{0: 8, 1: 0, 2: 0, 3: 0, 4: 0}",1
161,False,"{'a': 0.1998876140751445, 'e': 0.1998876140751445}",20,0,20.990210304410336,"{0: 19, 1: 1, 2: 0, 3: 0, 4: 0}",0
162,False,"{'a': 0.19789869908361465, 'e': 0.19789869908361465}",20,13,10.985808983493321,"{0: 7, 1: 0, 2: 0, 3: 0, 4: 0}",1
163,False,"{'a': 0.19592957412690934, 'e': 0.19592957412690934}",20,11,19.4494345923726,"{0: 9, 1: 0, 2: 0, 3: 0, 4: 0}",1
164,False,"{'a': 0.19398004229089189, 'e': 0.19398004229089189}",30,16,24.831420571773094,"{0: 14, 1: 0, 2: 0, 3: 0, 4: 0}",1
165,False,"{'a': 0.19204990862075408, 'e': 0.19204990862075408}",30,18,23.904674127162288,"{0: 12, 1: 0, 2: 0, 3: 0, 4: 0}",1
166,False,"{'a': 0.1901389801015205, 'e': 0.1901389801015205}",20,6,-27.311187434471922,"{0: 12, 1: 1, 2: 0, 3: 0, 4: 1}",1
167,False,"{'a': 0.1882470656387468, 'e': 0.1882470656387468}",25,16,-0.32528195772167123,"{0: 7, 1: 1, 2: 1, 3: 0, 4: 0}",1
168,False,"{'a': 0.18637397603940997, 'e': 0.18637397603940997}",25,13,19.747682074909793,"{0: 12, 1: 0, 2: 0, 3: 0, 4: 0}",1
169,False,"{'a': 0.18451952399298926, 'e': 0.18451952399298926}",20,15,2.3322839740628982,"{0: 4, 1: 1, 2: 0, 3: 0, 4: 0}",1
170,False,"{'a': 0.18268352405273466, 'e': 0.18268352405273466}",20,13,15.590010746958312,"{0: 7, 1: 0, 2: 0, 3: 0, 4: 0}",1
171,False,"{'a': 0.1808657926171221, 'e': 0.1808657926171221}",20,0,-11.63517695395474,"{0: 19, 1: 0, 2: 0, 3: 0, 4: 1}",1
172,False,"{'a': 0.17906614791149322, 'e': 0.17906614791149322}",20,7,20.123552279270413,"{0: 13, 1: 0, 2: 0, 3: 0, 4: 0}",1
173,False,"{'a': 0.17728440996987782, 'e': 0.17728440996987782}",20,6,27.390431448266664,"{0: 14, 1: 0, 2: 0, 3: 0, 4: 0}",1
174,False,"{'a': 0.17552040061699686, 'e': 0.17552040061699686}",20,12,13.487866352214741,"{0: 8, 1: 0, 2: 0, 3: 0, 4: 0}",1
175,False,"{'a': 0.17377394345044514, 'e': 0.17377394345044514}",20,11,9.739444644655324,"{0: 8, 1: 1, 2: 0, 3: 0, 4: 0}",1
176,False,"{'a': 0.17204486382305054, 'e': 0.17204486382305054}",20,11,16.55458062031195,"{0: 9, 1: 0, 2: 0, 3: 0, 4: 0}",1
177,False,"{'a': 0.17033298882540943, 'e': 0.17033298882540943}",30,2,2.319613338828021,"{0: 23, 1: 3, 2: 2, 3: 0, 4: 0}",1
178,False,"{'a': 0.1686381472685955, 'e': 0.1686381472685955}",20,9,7.055383011964877,"{0: 10, 1: 0, 2: 1, 3: 0, 4: 0}",1
179,False,"{'a': 0.1669601696670407, 'e': 0.1669601696670407}",20,11,15.193702528745188,"{0: 8, 1: 1, 2: 0, 3: 0, 4: 0}",1
180,False,"{'a': 0.16529888822158653, 'e': 0.16529888822158653}",25,0,21.855870862864577,"{0: 23, 1: 1, 2: 1, 3: 0, 4: 0}",0
181,False,"{'a': 0.16365413680270405, 'e': 0.16365413680270405}",20,0,-18.16788297866313,"{0: 18, 1: 0, 2: 1, 3: 0, 4: 1}",1
182,False,"{'a': 0.16202575093388075, 'e': 0.16202575093388075}",25,5,26.92300220783641,"{0: 19, 1: 1, 2: 0, 3: 0, 4: 0}",1
183,False,"{'a': 0.16041356777517274, 'e': 0.16041356777517274}",25,17,4.768115241720941,"{0: 7, 1: 0, 2: 1, 3: 0, 4: 0}",1
184,False,"{'a': 0.15881742610692068, 'e': 0.15881742610692068}",25,16,16.98733544122504,"{0: 9, 1: 0, 2: 0, 3: 0, 4: 0}",1
185,False,"{'a': 0.1572371663136276, 'e': 0.1572371663136276}",20,0,11.256795618627908,"{0: 18, 1: 1, 2: 1, 3: 0, 4: 0}",0
186,False,"{'a': 0.1556726303679973, 'e': 0.1556726303679973}",30,14,15.860779143096927,"{0: 15, 1: 0, 2: 1, 3: 0, 4: 0}",1
187,False,"{'a': 0.1541236618151314, 'e': 0.1541236618151314}",25,17,12.263057953688332,"{0: 8, 1: 0, 2: 0, 3: 0, 4: 0}",1
188,False,"{'a': 0.15259010575688386, 'e': 0.15259010575688386}",20,11,7.622315031861602,"{0: 8, 1: 1, 2: 0, 3: 0, 4: 0}",1
189,False,"{'a': 0.15107180883637084, 'e': 0.15107180883637084}",25,16,14.563842644425582,"{0: 9, 1: 0, 2: 0, 3: 0, 4: 0}",1
190,False,"{'a': 0.14956861922263504, 'e': 0.14956861922263504}",30,3,4.2086199655598024,"{0: 23, 1: 0, 2: 4, 3: 0, 4: 0}",1
191,False,"{'a': 0.14808038659546244, 'e': 0.14808038659546244}",20,13,-30.799187645114873,"{0: 6, 1: 0, 2: 0, 3: 0, 4: 1}",1
192,False,"{'a': 0.14660696213035015, 'e': 0.14660696213035015}",25,0,33.95994080483574,"{0: 25, 1: 0, 2: 0, 3: 0, 4: 0}",0
193,False,"{'a': 0.14514819848362373, 'e': 0.14514819848362373}",25,7,4.392512456700081,"{0: 16, 1: 0, 2: 2, 3: 0, 4: 0}",1
194,False,"{'a': 0.14370394977770293, 'e': 0.14370394977770293}",25,3,41.9999418680821,"{0: 22, 1: 0, 2: 0, 3: 0, 4: 0}",1
195,False,"{'a': 0.1422740715865136, 'e': 0.1422740715865136}",20,6,25.798720598941546,"{0: 14, 1: 0, 2: 0, 3: 0, 4: 0}",1
196,False,"{'a': 0.140858420921045, 'e': 0.140858420921045}",25,13,7.209508018764911,"{0: 11, 1: 0, 2: 1, 3: 0, 4: 0}",1
197,False,"{'a': 0.13945685621505094, 'e': 0.13945685621505094}",20,10,16.882949634627632,"{0: 10, 1: 0, 2: 0, 3: 0, 4: 0}",1
198,False,"{'a': 0.13806923731089282, 'e': 0.13806923731089282}",25,13,25.426895122708245,"{0: 12, 1: 0, 2: 0, 3: 0, 4: 0}",1
199,False,"{'a': 0.13669542544552385, 'e': 0.13669542544552385}",25,7,18.288616493178466,"{0: 17, 1: 0, 2: 1, 3: 0, 4: 0}",1
200,False,"{'a': 0.1353352832366127, 'e': 0.1353352832366127}",25,15,20.216397847867864,"{0: 10, 1: 0, 2: 0, 3: 0, 4: 0}",1
201,False,"{'a': 0.13398867466880493, 'e': 0.13398867466880493}",30,15,30.337882409457308,"{0: 15, 1: 0, 2: 0, 3: 0, 4: 0}",1
202,False,"{'a': 0.13265546508012172, 'e': 0.13265546508012172}",20,8,22.5880314137645,"{0: 12, 1: 0, 2: 0, 3: 0, 4: 0}",1
203,False,"{'a': 0.13133552114849303, 'e': 0.13133552114849303}",20,10,16.15859612980655,"{0: 10, 1: 0, 2: 0, 3: 0, 4: 0}",1
204,False,"{'a': 0.1300287108784259, 'e': 0.1300287108784259}",30,24,12.972997733922847,"{0: 6, 1: 0, 2: 0, 3: 0, 4: 0}",1
205,False,"{'a': 0.12873490358780423, 'e': 0.12873490358780423}",20,12,-10.092013272496448,"{0: 6, 1: 0, 2: 2, 3: 0, 4: 0}",1
206,False,"{'a': 0.12745396989482075, 'e': 0.12745396989482075}",25,15,12.434878550903345,"{0: 9, 1: 1, 2: 0, 3: 0, 4: 0}",1
207,False,"{'a': 0.12618578170503877, 'e': 0.12618578170503877}",25,20,9.964234616251346,"{0: 5, 1: 0, 2: 0, 3: 0, 4: 0}",1
208,False,"{'a': 0.12493021219858241, 'e': 0.12493021219858241}",25,15,3.8590712709051695,"{0: 9, 1: 0, 2: 1, 3: 0, 4: 0}",1
209,False,"{'a': 0.12368713581745483, 'e': 0.12368713581745483}",25,10,27.141917684479616,"{0: 15, 1: 0, 2: 0, 3: 0, 4: 0}",1
210,False,"{'a': 0.1224564282529819, 'e': 0.1224564282529819}",25,17,14.599926354837653,"{0: 8, 1: 0, 2: 0, 3: 0, 4: 0}",1
211,False,"{'a': 0.12123796643338168, 'e': 0.12123796643338168}",35,28,13.330802898752843,"{0: 7, 1: 0, 2: 0, 3: 0, 4: 0}",1
212,False,"{'a': 0.12003162851145673, 'e': 0.12003162851145673}",30,4,46.95876609645359,"{0: 26, 1: 0, 2: 0, 3: 0, 4: 0}",1
213,False,"{'a': 0.11883729385240965, 'e': 0.11883729385240965}",20,4,-16.316771085895056,"{0: 15, 1: 0, 2: 0, 3: 0, 4: 1}",1
214,False,"{'a': 0.11765484302177918, 'e': 0.11765484302177918}",25,17,14.868528950003238,"{0: 8, 1: 0, 2: 0, 3: 0, 4: 0}",1
215,False,"{'a': 0.11648415777349697, 'e': 0.11648415777349697}",25,0,35.4525214008202,"{0: 25, 1: 0, 2: 0, 3: 0, 4: 0}",0
216,False,"{'a': 0.11532512103806251, 'e': 0.11532512103806251}",20,11,16.06997614025474,"{0: 9, 1: 0, 2: 0, 3: 0, 4: 0}",1
217,False,"{'a': 0.1141776169108365, 'e': 0.1141776169108365}",25,0,21.4710886532041,"{0: 24, 1: 0, 2: 1, 3: 0, 4: 0}",0
218,False,"{'a': 0.11304153064044985, 'e': 0.11304153064044985}",20,9,-32.313700372741906,"{0: 9, 1: 0, 2: 1, 3: 0, 4: 1}",1
219,False,"{'a': 0.11191674861732888, 'e': 0.11191674861732888}",20,15,8.56311900149241,"{0: 5, 1: 0, 2: 0, 3: 0, 4: 0}",1
220,False,"{'a': 0.11080315836233387, 'e': 0.11080315836233387}",25,0,15.563374330853307,"{0: 23, 1: 0, 2: 2, 3: 0, 4: 0}",0
221,False,"{'a': 0.10970064851551141, 'e': 0.10970064851551141}",35,21,17.470189433402627,"{0: 13, 1: 1, 2: 0, 3: 0, 4: 0}",1
222,False,"{'a': 0.10860910882495796, 'e': 0.10860910882495796}",20,7,-14.88538084271163,"{0: 11, 1: 0, 2: 1, 3: 1, 4: 0}",1
223,False,"{'a': 0.10752843013579495, 'e': 0.10752843013579495}",20,15,11.560865862016358,"{0: 5, 1: 0, 2: 0, 3: 0, 4: 0}",1
224,False,"{'a': 0.1064585043792528, 'e': 0.1064585043792528}",20,13,14.58203370656366,"{0: 7, 1: 0, 2: 0, 3: 0, 4: 0}",1
225,False,"{'a': 0.10539922456186433, 'e': 0.10539922456186433}",20,6,15.002796105994122,"{0: 13, 1: 0, 2: 1, 3: 0, 4: 0}",1
226,False,"{'a': 0.104350484754765, 'e': 0.104350484754765}",25,0,14.172103492788354,"{0: 23, 1: 0, 2: 1, 3: 1, 4: 0}",0
227,False,"{'a': 0.1033121800831002, 'e': 0.1033121800831002}",30,15,26.90434692593221,"{0: 15, 1: 0, 2: 0, 3: 0, 4: 0}",1
228,False,"{'a': 0.10228420671553744, 'e': 0.10228420671553744}",30,8,-29.77893139510225,"{0: 19, 1: 0, 2: 2, 3: 0, 4: 1}",1
229,False,"{'a': 0.1012664618538834, 'e': 0.1012664618538834}",30,17,-26.1030283056382,"{0: 11, 1: 1, 2: 0, 3: 0, 4: 1}",1
230,False,"{'a': 0.1002588437228037, 'e': 0.1002588437228037}",20,14,9.859402463512923,"{0: 6, 1: 0, 2: 0, 3: 0, 4: 0}",1
231,False,"{'a': 0.1, 'e': 0.09926125155964566}",20,16,6.597789125265565,"{0: 4, 1: 0, 2: 0, 3: 0, 4: 0}",1
232,False,"{'a': 0.1, 'e': 0.09827358560436154}",25,11,25.14205941553484,"{0: 14, 1: 0, 2: 0, 3: 0, 4: 0}",1
233,False,"{'a': 0.1, 'e': 0.09729574708953276}",20,10,17.66981673277977,"{0: 10, 1: 0, 2: 0, 3: 0, 4: 0}",1
234,False,"{'a': 0.1, 'e': 0.09632763823049303}",20,7,20.718997804217828,"{0: 13, 1: 0, 2: 0, 3: 0, 4: 0}",1
235,False,"{'a': 0.1, 'e': 0.09536916221554961}",30,13,31.653615234037737,"{0: 17, 1: 0, 2: 0, 3: 0, 4: 0}",1
236,False,"{'a': 0.1, 'e': 0.09442022319630235}",20,12,10.600821878664734,"{0: 7, 1: 1, 2: 0, 3: 0, 4: 0}",1
237,False,"{'a': 0.1, 'e': 0.09348072627805847}",25,5,36.72908591622536,"{0: 20, 1: 0, 2: 0, 3: 0, 4: 0}",1
238,False,"{'a': 0.1, 'e': 0.09255057751034329}",25,18,12.499397060737536,"{0: 7, 1: 0, 2: 0, 3: 0, 4: 0}",1
239,False,"{'a': 0.1, 'e': 0.09162968387750484}",20,6,-17.570590103090762,"{0: 13, 1: 0, 2: 0, 3: 0, 4: 1}",1
240,False,"{'a': 0.1, 'e': 0.09071795328941251}",20,7,27.12895425106118,"{0: 13, 1: 0, 2: 0, 3: 0, 4: 0}",1
241,False,"{'a': 0.1, 'e': 0.08981529457224763}",20,4,26.20773771017004,"{0: 16, 1: 0, 2: 0, 3: 0, 4: 0}",1
242,False,"{'a': 0.1, 'e': 0.08892161745938634}",25,19,3.997573798087175,"{0: 5, 1: 1, 2: 0, 3: 0, 4: 0}",1
243,False,"{'a': 0.1, 'e': 0.08803683258237255}",25,10,16.48283296316841,"{0: 14, 1: 0, 2: 1, 3: 0, 4: 0}",1
244,False,"{'a': 0.1, 'e': 0.0871608514619813}",20,0,16.668120360371173,"{0: 19, 1: 0, 2: 1, 3: 0, 4: 0}",0
245,False,"{'a': 0.1, 'e': 0.0862935864993705}",20,15,9.04397357557821,"{0: 5, 1: 0, 2: 0, 3: 0, 4: 0}",1
246,False,"{'a': 0.1, 'e': 0.08543495096732123}",20,11,16.2034976727014,"{0: 9, 1: 0, 2: 0, 3: 0, 4: 0}",1
247,False,"{'a': 0.1, 'e': 0.08458485900156469}",20,10,18.594576612764193,"{0: 10, 1: 0, 2: 0, 3: 0, 4: 0}",1
248,False,"{'a': 0.1, 'e': 0.08374322559219596}",20,11,15.336595905626536,"{0: 9, 1: 0, 2: 0, 3: 0, 4: 0}",1
249,False,"{'a': 0.1, 'e': 0.08290996657517266}",20,0,22.139478140551514,"{0: 19, 1: 0, 2: 1, 3: 0, 4: 0}",1
250,False,"{'a': 0.1, 'e': 0.0820849986238988}",20,16,9.173848593999793,"{0: 4, 1: 0, 2: 0, 3: 0, 4: 0}",1
251,False,"{'a': 0.1, 'e': 0.08126823924089167}",30,6,35.499593940552536,"{0: 24, 1: 0, 2: 0, 3: 0, 4: 0}",1
252,False,"{'a': 0.1, 'e': 0.08045960674953244}",30,22,3.8714798002101434,"{0: 7, 1: 0, 2: 1, 3: 0, 4: 0}",1
253,False,"{'a': 0.1, 'e': 0.07965902028589801}",30,7,30.3062217813185,"{0: 22, 1: 0, 2: 1, 3: 0, 4: 0}",1
254,False,"{'a': 0.1, 'e': 0.07886639979067495}",20,16,6.391250956330987,"{0: 4, 1: 0, 2: 0, 3: 0, 4: 0}",1
255,False,"{'a': 0.1, 'e': 0.07808166600115313}",20,9,15.604104786199457,"{0: 11, 1: 0, 2: 0, 3: 0, 4: 0}",1
256,False,"{'a': 0.1, 'e': 0.07730474044329974}",30,20,16.798555461373606,"{0: 10, 1: 0, 2: 0, 3: 0, 4: 0}",1
257,False,"{'a': 0.1, 'e': 0.07653554542391151}",30,6,40.913207120065124,"{0: 24, 1: 0, 2: 0, 3: 0, 4: 0}",1
258,False,"{'a': 0.1, 'e': 0.07577400402284548}",25,14,-10.566634487867672,"{0: 9, 1: 0, 2: 1, 3: 1, 4: 0}",1
259,False,"{'a': 0.1, 'e': 0.07502004008532698}",20,13,14.340188388315557,"{0: 7, 1: 0, 2: 0, 3: 0, 4: 0}",1
260,False,"{'a': 0.1, 'e': 0.07427357821433388}",20,0,30.656372087891256,"{0: 20, 1: 0, 2: 0, 3: 0, 4: 0}",0
261,False,"{'a': 0.1, 'e': 0.0735345437630571}",25,8,28.430963253050848,"{0: 17, 1: 0, 2: 0, 3: 0, 4: 0}",1
262,False,"{'a': 0.1, 'e': 0.07280286282743559}",25,18,14.149302758645513,"{0: 7, 1: 0, 2: 0, 3: 0, 4: 0}",1
263,False,"{'a': 0.1, 'e': 0.0720784622387661}",20,6,27.098459651136316,"{0: 14, 1: 0, 2: 0, 3: 0, 4: 0}",1
264,False,"{'a': 0.1, 'e': 0.07136126955638605}",30,6,40.57206264419928,"{0: 24, 1: 0, 2: 0, 3: 0, 4: 0}",1
265,False,"{'a': 0.1, 'e': 0.0706512130604296}",20,13,13.225924799032434,"{0: 7, 1: 0, 2: 0, 3: 0, 4: 0}",1
266,False,"{'a': 0.1, 'e': 0.06994822174465536}",20,13,12.885592112703964,"{0: 7, 1: 0, 2: 0, 3: 0, 4: 0}",1
267,False,"{'a': 0.1, 'e': 0.069252225309346}",20,0,21.036210465523638,"{0: 19, 1: 1, 2: 0, 3: 0, 4: 0}",0
268,False,"{'a': 0.1, 'e': 0.06856315415427791}",20,13,12.112643079710727,"{0: 7, 1: 0, 2: 0, 3: 0, 4: 0}",1
269,False,"{'a': 0.1, 'e': 0.06788093937176144}",20,14,11.945595185393506,"{0: 6, 1: 0, 2: 0, 3: 0, 4: 0}",1
270,False,"{'a': 0.1, 'e': 0.06720551273974976}",20,6,23.915960034060262,"{0: 14, 1: 0, 2: 0, 3: 0, 4: 0}",1
271,False,"{'a': 0.1, 'e': 0.06653680671501686}",20,8,22.288583833519453,"{0: 12, 1: 0, 2: 0, 3: 0, 4: 0}",1
272,False,"{'a': 0.1, 'e': 0.06587475442640295}",25,17,14.673591358636084,"{0: 8, 1: 0, 2: 0, 3: 0, 4: 0}",1
273,False,"{'a': 0.1, 'e': 0.06521928966812753}",30,15,1.908132239892715,"{0: 14, 1: 0, 2: 0, 3: 1, 4: 0}",1
274,False,"{'a': 0.1, 'e': 0.06457034689316847}",20,0,25.78902258206726,"{0: 19, 1: 1, 2: 0, 3: 0, 4: 0}",0
275,False,"{'a': 0.1, 'e': 0.06392786120670757}",25,20,9.978493953686332,"{0: 5, 1: 0, 2: 0, 3: 0, 4: 0}",1
276,False,"{'a': 0.1, 'e': 0.0632917683596407}",20,11,4.076401541454635,"{0: 8, 1: 0, 2: 1, 3: 0, 4: 0}",1
277,False,"{'a': 0.1, 'e': 0.06266200474215315}",25,3,23.735572819614944,"{0: 21, 1: 1, 2: 0, 3: 0, 4: 0}",1
278,False,"{'a': 0.1, 'e': 0.06203850737735829}",25,13,24.242294256167835,"{0: 12, 1: 0, 2: 0, 3: 0, 4: 0}",1
279,False,"{'a': 0.1, 'e': 0.06142121391500013}",35,14,39.34247845350727,"{0: 21, 1: 0, 2: 0, 3: 0, 4: 0}",1
280,False,"{'a': 0.1, 'e': 0.06081006262521795}",25,17,17.843984238735626,"{0: 8, 1: 0, 2: 0, 3: 0, 4: 0}",1
281,False,"{'a': 0.1, 'e': 0.06020499239237354}",20,14,9.34576646717931,"{0: 6, 1: 0, 2: 0, 3: 0, 4: 0}",1
282,False,"{'a': 0.1, 'e': 0.05960594270893937}",25,16,16.35275079127921,"{0: 9, 1: 0, 2: 0, 3: 0, 4: 0}",1
283,False,"{'a': 0.1, 'e': 0.05901285366944784}",25,13,21.17940139681988,"{0: 12, 1: 0, 2: 0, 3: 0, 4: 0}",1
284,False,"{'a': 0.1, 'e': 0.05842566596450083}",30,14,29.35941843977015,"{0: 16, 1: 0, 2: 0, 3: 0, 4: 0}",1
285,False,"{'a': 0.1, 'e': 0.057844320874838456}",20,14,-1.6353540954398071,"{0: 5, 1: 0, 2: 1, 3: 0, 4: 0}",1
286,False,"{'a': 0.1, 'e': 0.05726876026546736}",25,15,19.478040204688,"{0: 10, 1: 0, 2: 0, 3: 0, 4: 0}",1
287,False,"{'a': 0.1, 'e': 0.0566989265798469}",20,0,-12.821492690081296,"{0: 19, 1: 0, 2: 0, 3: 0, 4: 1}",1
288,False,"{'a': 0.1, 'e': 0.056134762834133725}",20,6,25.944021837363653,"{0: 14, 1: 0, 2: 0, 3: 0, 4: 0}",1
289,False,"{'a': 0.1, 'e': 0.05557621261148306}",30,6,29.883641233397128,"{0: 23, 1: 0, 2: 1, 3: 0, 4: 0}",1
290,False,"{'a': 0.1, 'e': 0.05502322005640723}",20,0,27.98833982443909,"{0: 20, 1: 0, 2: 0, 3: 0, 4: 0}",1
291,False,"{'a': 0.1, 'e': 0.05447572986918986}",20,10,16.355036648196084,"{0: 10, 1: 0, 2: 0, 3: 0, 4: 0}",1
292,False,"{'a': 0.1, 'e': 0.05393368730035602}",25,5,31.83199942019024,"{0: 20, 1: 0, 2: 0, 3: 0, 4: 0}",1
293,False,"{'a': 0.1, 'e': 0.053397038145197084}",25,12,24.537884800007337,"{0: 13, 1: 0, 2: 0, 3: 0, 4: 0}",1
294,False,"{'a': 0.1, 'e': 0.05286572873835037}",20,12,15.149384941871531,"{0: 8, 1: 0, 2: 0, 3: 0, 4: 0}",1
295,False,"{'a': 0.1, 'e': 0.05233970594843238}",20,9,18.94395829921909,"{0: 11, 1: 0, 2: 0, 3: 0, 4: 0}",1
296,False,"{'a': 0.1, 'e': 0.05181891717272583}",20,0,23.196460523295958,"{0: 20, 1: 0, 2: 0, 3: 0, 4: 0}",0
297,False,"{'a': 0.1, 'e': 0.05130331033191911}",20,16,6.8803644387082805,"{0: 4, 1: 0, 2: 0, 3: 0, 4: 0}",1
298,False,"{'a': 0.1, 'e': 0.0507928338648985}",35,9,49.658727477391004,"{0: 26, 1: 0, 2: 0, 3: 0, 4: 0}",1
299,False,"{'a': 0.1, 'e': 0.050287436723591865}",20,6,21.572799034685108,"{0: 14, 1: 0, 2: 0, 3: 0, 4: 0}",1
300,False,"{'a': 0.1, 'e': 0.049787068367863944}",20,7,14.320178592588498,"{0: 12, 1: 1, 2: 0, 3: 0, 4: 0}",1
1,True,"{'a': 0.0, 'e': 0.0}",30,17,24.179728584511185,"{0: 13, 1: 0, 2: 0, 3: 0, 4: 0}",1
2,True,"{'a': 0.0, 'e': 0.0}",25,7,32.96958798261804,"{0: 18, 1: 0, 2: 0, 3: 0, 4: 0}",1
3,True,"{'a': 0.0, 'e': 0.0}",20,13,11.40550181419709,"{0: 7, 1: 0, 2: 0, 3: 0, 4: 0}",1
4,True,"{'a': 0.0, 'e': 0.0}",20,12,14.648015627868318,"{0: 8, 1: 0, 2: 0, 3: 0, 4: 0}",1
5,True,"{'a': 0.0, 'e': 0.0}",35,21,23.945290118014597,"{0: 14, 1: 0, 2: 0, 3: 0, 4: 0}",1
6,True,"{'a': 0.0, 'e': 0.0}",20,2,32.69369464547975,"{0: 18, 1: 0, 2: 0, 3: 0, 4: 0}",1
7,True,"{'a': 0.0, 'e': 0.0}",25,15,21.33727157388618,"{0: 10, 1: 0, 2: 0, 3: 0, 4: 0}",1
8,True,"{'a': 0.0, 'e': 0.0}",20,2,29.790413790648408,"{0: 18, 1: 0, 2: 0, 3: 0, 4: 0}",1
9,True,"{'a': 0.0, 'e': 0.0}",20,11,17.287290948945007,"{0: 9, 1: 0, 2: 0, 3: 0, 4: 0}",1
10,True,"{'a': 0.0, 'e': 0.0}",30,1,42.74029742980814,"{0: 29, 1: 0, 2: 0, 3: 0, 4: 0}",1
